,Dataset,Method,Level,Avg. MSE,Std. MSE
0,AustraliaTourism,TimeGAN,C,8.15917717710669,0.11501225137970146
1,AustraliaTourism,TimeWeaver,C,0.295252092207593,0.0400936160706449
2,AustraliaTourism,TSDiff-0,C,1.469385934197759,0.001531842568434515
3,AustraliaTourism,TSDiff-0.5,C,1.2229594924880156,0.007247673421440799
4,AustraliaTourism,TSDiff-1.0,C,1.1742752122309796,0.0022376443862720456
5,AustraliaTourism,TSDiff-2.0,C,1.0621958468368649,0.021654819797850916
6,AustraliaTourism,Pipe-1,C,0.1670686306148646,0.00833131303219697
7,AustraliaTourism,Pipe-8,C,0.15205681749772298,0.006105364761603892
8,AustraliaTourism,Pipe-16,C,0.1659186983912968,0.011663071110076955
9,AustraliaTourism,Pipe-32,C,0.30364447233057956,0.0623327420554042
10,AustraliaTourism,TimeGAN,M,8.372697270099493,0.06241225912179261
11,AustraliaTourism,TimeWeaver,M,1.1546304618425323,0.3348268777481505
12,AustraliaTourism,TSDiff-0,M,1.963504908256354,0.019694725343372344
13,AustraliaTourism,TSDiff-0.5,M,1.4804691333038016,0.003287744354675763
14,AustraliaTourism,TSDiff-1.0,M,1.395264828706234,0.020344204773670035
15,AustraliaTourism,TSDiff-2.0,M,1.9321446795472865,0.0015303843695734533
16,AustraliaTourism,Pipe-1,M,0.28840931498490985,0.04509586285613804
17,AustraliaTourism,Pipe-8,M,0.24635863051285445,0.008586299258201601
18,AustraliaTourism,Pipe-16,M,0.24944241387930893,0.0050910910398884
19,AustraliaTourism,Pipe-32,M,0.7145438991316507,0.14660917111763141
20,AustraliaTourism,TimeGAN,F,9.716537598401487,0.12451773350050117
21,AustraliaTourism,TimeWeaver,F,2.2530270194912627,0.00581236280293371
22,AustraliaTourism,TSDiff-0,F,1.3310764788815206,0.011965371912463848
23,AustraliaTourism,TSDiff-0.5,F,1.566666791853263,0.031906050774036465
24,AustraliaTourism,TSDiff-1.0,F,1.4456931516587954,0.007324455955358211
25,AustraliaTourism,TSDiff-2.0,F,1.6094376171145683,0.0040442741146385726
26,AustraliaTourism,Pipe-1,F,0.15172508551303016,0.0029760324938912113
27,AustraliaTourism,Pipe-8,F,0.13957236742989565,0.004209027968973205
28,AustraliaTourism,Pipe-16,F,0.13971354241257025,0.003707271504006939
29,AustraliaTourism,Pipe-32,F,0.19377855257929116,0.06459264951431402
30,MetroTraffic,TimeGAN,C,8.887499971809438,0.07161819000919642
31,MetroTraffic,TimeWeaver,C,0.5334226121310366,0.01838602015074113
32,MetroTraffic,TSDiff-0,C,1.0264958137504419,0.011029107409108398
33,MetroTraffic,TSDiff-0.5,C,0.963605911490421,0.009035981872715367
34,MetroTraffic,TSDiff-1.0,C,0.8799835235472091,0.014390685006358674
35,MetroTraffic,TSDiff-2.0,C,1.0174049777651053,0.006709683536878404
36,MetroTraffic,Pipe-1,C,0.5215644908394327,0.0113609468144398
37,MetroTraffic,Pipe-8,C,0.5119843542035913,0.00856461739610116
38,MetroTraffic,Pipe-16,C,0.5063242511809867,0.012197153660741828
39,MetroTraffic,Pipe-32,C,0.5468402133604024,0.015548380270266358
40,MetroTraffic,TimeGAN,M,9.194048119401005,0.17537907112784318
41,MetroTraffic,TimeWeaver,M,0.6027560880442063,0.0747641479397941
42,MetroTraffic,TSDiff-0,M,0.5729870594032145,0.03550740748045969
43,MetroTraffic,TSDiff-0.5,M,0.7676353395727448,0.026916687632114793
44,MetroTraffic,TSDiff-1.0,M,0.8463353590975551,0.07337524124888906
45,MetroTraffic,TSDiff-2.0,M,0.8094420590822053,0.04131532937927336
46,MetroTraffic,Pipe-1,M,0.39038461696001825,0.060836061760856354
47,MetroTraffic,Pipe-8,M,0.39566654107634347,0.01940940504382153
48,MetroTraffic,Pipe-16,M,0.37820911195952905,0.055134870298462826
49,MetroTraffic,Pipe-32,M,0.41021379816092984,0.038142855223974384
50,MetroTraffic,TimeGAN,F,7.81651028499005,0.22248257129782056
51,MetroTraffic,TimeWeaver,F,0.8735465761929284,0.04235446201788067
52,MetroTraffic,TSDiff-0,F,0.21531638860923663,0.008217724445432973
53,MetroTraffic,TSDiff-0.5,F,0.20015427924399862,0.009992767091904737
54,MetroTraffic,TSDiff-1.0,F,0.29234285434253565,0.011518916667059804
55,MetroTraffic,TSDiff-2.0,F,0.26691638611367124,0.0058003183194601194
56,MetroTraffic,Pipe-1,F,0.10928718017747327,0.008471806984942293
57,MetroTraffic,Pipe-8,F,0.1113786383371961,0.0076665231648764464
58,MetroTraffic,Pipe-16,F,0.11535472245941951,0.006818753704102576
59,MetroTraffic,Pipe-32,F,0.12098050840351929,0.011210262160606293
60,BeijingAirQuality,TimeGAN,C,3.147714300435497,0.0736709489035946
61,BeijingAirQuality,TimeWeaver,C,1.5285057943449551,0.021745590040837214
62,BeijingAirQuality,TSDiff-0,C,2.3331270041082046,0.013816767179177068
63,BeijingAirQuality,TSDiff-0.5,C,1.762929205723759,0.016572908093293048
64,BeijingAirQuality,TSDiff-1.0,C,2.4439960430586405,0.010090772520697833
65,BeijingAirQuality,TSDiff-2.0,C,2.158015988690553,0.00908191480722175
66,BeijingAirQuality,Pipe-1,C,1.5232401255011283,0.022233512660161697
67,BeijingAirQuality,Pipe-8,C,1.4810853096676073,0.018855316273159322
68,BeijingAirQuality,Pipe-16,C,1.4881331174486263,0.02519942304817913
69,BeijingAirQuality,Pipe-32,C,1.529547449194905,0.014472041088508114
70,BeijingAirQuality,TimeGAN,M,3.5517770940185693,0.17651228858672383
71,BeijingAirQuality,TimeWeaver,M,1.0667967705087473,0.021024625206004826
72,BeijingAirQuality,TSDiff-0,M,1.3418037897016206,0.01128616049494156
73,BeijingAirQuality,TSDiff-0.5,M,1.4223270368618397,0.02531596972066024
74,BeijingAirQuality,TSDiff-1.0,M,2.7800760710801575,0.016130000665579246
75,BeijingAirQuality,TSDiff-2.0,M,1.5143098615167159,0.010430054341200902
76,BeijingAirQuality,Pipe-1,M,1.0426664389903995,0.01524008253554128
77,BeijingAirQuality,Pipe-8,M,0.9810599869074987,0.01479940163720225
78,BeijingAirQuality,Pipe-16,M,0.9992087254877908,0.01144631005003111
79,BeijingAirQuality,Pipe-32,M,1.0510973707933267,0.0149678264711233
80,BeijingAirQuality,TimeGAN,F,2.170106719047804,0.03944524632913269
81,BeijingAirQuality,TimeWeaver,F,1.595232352144987,0.04468285296358967
82,BeijingAirQuality,TSDiff-0,F,0.24355784733675806,0.021966734907281443
83,BeijingAirQuality,TSDiff-0.5,F,0.16171565215755243,0.007371820244476205
84,BeijingAirQuality,TSDiff-1.0,F,0.16688006076731826,0.006950022479170169
85,BeijingAirQuality,TSDiff-2.0,F,0.16405975081269938,0.01157422407145556
86,BeijingAirQuality,Pipe-1,F,0.10360055536517059,0.007591930068447712
87,BeijingAirQuality,Pipe-8,F,0.09898736852326978,0.009081524950908006
88,BeijingAirQuality,Pipe-16,F,0.10129160606421231,0.009831602500941958
89,BeijingAirQuality,Pipe-32,F,0.11125352101734083,0.01119687801078424
90,RossmanSales,TimeGAN,C,4.052042819808188,0.0032280883208353297
91,RossmanSales,TimeWeaver,C,0.6453984635267597,0.014372080050530386
92,RossmanSales,TSDiff-0,C,0.7851119578962875,0.007640748052376942
93,RossmanSales,TSDiff-0.5,C,0.8931948622374657,0.021489881239400127
94,RossmanSales,TSDiff-1.0,C,0.68791245936666,0.006565588445450782
95,RossmanSales,TSDiff-2.0,C,0.7595032810229121,0.010717332205021222
96,RossmanSales,Pipe-1,C,0.5929114366853895,0.007929178630625332
97,RossmanSales,Pipe-8,C,0.5977514837368071,0.005589027171312108
98,RossmanSales,Pipe-16,C,0.5970275816495931,0.01228978256604219
99,RossmanSales,Pipe-32,C,0.6182574032623449,0.00866709667875863
100,RossmanSales,TimeGAN,M,4.065483335315578,0.014627376753715879
101,RossmanSales,TimeWeaver,M,0.5884385975982906,0.04281582675908383
102,RossmanSales,TSDiff-0,M,0.970992964821168,0.036769069797191356
103,RossmanSales,TSDiff-0.5,M,0.8270653812784434,0.03206720528976281
104,RossmanSales,TSDiff-1.0,M,0.7232766182417755,0.0073045973337333
105,RossmanSales,TSDiff-2.0,M,0.6373503153903555,0.025206318792241746
106,RossmanSales,Pipe-1,M,0.5422857536565482,0.022019751457108876
107,RossmanSales,Pipe-8,M,0.5373659775636238,0.023471503838012376
108,RossmanSales,Pipe-16,M,0.5525873272827763,0.039950875573297934
109,RossmanSales,Pipe-32,M,0.6052439957845458,0.029094161588733708
110,RossmanSales,TimeGAN,F,2.7312504792370524,0.019643257794840753
111,RossmanSales,TimeWeaver,F,0.9647895346051831,0.059057590229708176
112,RossmanSales,TSDiff-0,F,0.29838165000720895,0.006204793836087223
113,RossmanSales,TSDiff-0.5,F,0.45803772863253817,0.01105034792610603
114,RossmanSales,TSDiff-1.0,F,0.27618009006730854,0.0043421209601085566
115,RossmanSales,TSDiff-2.0,F,0.3944869032662256,0.0074849995781838255
116,RossmanSales,Pipe-1,F,0.1648973545500653,0.0015746784337097865
117,RossmanSales,Pipe-8,F,0.1486826863951546,0.0021588978417167864
118,RossmanSales,Pipe-16,F,0.15021656641579992,0.0014164168596178285
119,RossmanSales,Pipe-32,F,0.15827618579564906,0.001600885484493969
120,PanamaEnergy,TimeGAN,C,6.768027958568274,0.0068948686599101874
121,PanamaEnergy,TimeWeaver,C,1.0742284598690701,0.027168801693173195
122,PanamaEnergy,TSDiff-0,C,1.4048474320609847,0.011323232795446328
123,PanamaEnergy,TSDiff-0.5,C,1.6670438744195377,0.004555742430368547
124,PanamaEnergy,TSDiff-1.0,C,2.105279429627251,0.0029189696166728816
125,PanamaEnergy,TSDiff-2.0,C,1.4103996520133413,0.008417411476413915
126,PanamaEnergy,Pipe-1,C,1.0459149995677535,0.01602321956961306
127,PanamaEnergy,Pipe-8,C,1.0055287434644626,0.012861460028599453
128,PanamaEnergy,Pipe-16,C,1.0170934269003822,0.017266629653733805
129,PanamaEnergy,Pipe-32,C,1.0725944250887751,0.02155586710155581
130,PanamaEnergy,TimeGAN,M,6.1378308291430725,0.10181241255311636
131,PanamaEnergy,TimeWeaver,M,0.9609934476727151,0.1138679528670319
132,PanamaEnergy,TSDiff-0,M,2.1708450095185006,0.09226203612652034
133,PanamaEnergy,TSDiff-0.5,M,1.1792735102913467,0.060624175438311285
134,PanamaEnergy,TSDiff-1.0,M,1.798262521411835,0.03288381420380388
135,PanamaEnergy,TSDiff-2.0,M,2.5377848085965176,0.03947509138809263
136,PanamaEnergy,Pipe-1,M,0.7181638001116426,0.1255909426408548
137,PanamaEnergy,Pipe-8,M,0.5867790041419546,0.12778331511515192
138,PanamaEnergy,Pipe-16,M,0.6056682306227239,0.08677686374956896
139,PanamaEnergy,Pipe-32,M,0.6877039429893874,0.0533948407896905
140,PanamaEnergy,TimeGAN,F,4.092423601203245,0.00932356537047122
141,PanamaEnergy,TimeWeaver,F,1.387186271821535,0.028877791120658563
142,PanamaEnergy,TSDiff-0,F,0.36907508597045435,0.0012492294912341852
143,PanamaEnergy,TSDiff-0.5,F,0.46883570288979043,0.0018568592328336096
144,PanamaEnergy,TSDiff-1.0,F,0.406997067227605,0.0011048753662849151
145,PanamaEnergy,TSDiff-2.0,F,0.46915863675348524,0.0010236962889183588
146,PanamaEnergy,Pipe-1,F,0.17121017954460016,0.003205705702060159
147,PanamaEnergy,Pipe-8,F,0.16549773698138828,0.00320449174020681
148,PanamaEnergy,Pipe-16,F,0.16482659964909385,0.004510771717980472
149,PanamaEnergy,Pipe-32,F,0.18326012644142084,0.0039369278591402275
